{
  "farm_boundary": [
    [
      [
        28.567792082657096,
        77.41509347553117
      ],
      [
        28.568213938513992,
        77.41460003848186
      ]
    ],
    [
      [
        28.568213938513992,
        77.41460003848186
      ],
      [
        28.568477892156515,
        77.41488966457601
      ]
    ],
    [
      [
        28.568477892156515,
        77.41488966457601
      ],
      [
        28.568020686320203,
        77.41537505645607
      ]
    ],
    [
      [
        28.568020686320203,
        77.41537505645607
      ],
      [
        28.567792082657096,
        77.41509347553117
      ]
    ]
  ],
  "Application_width": 1.9,
  "Turning_radius": 0.95,
  "Tractor_wheelbase": 2.2,
  "path_points": [
    [
      28.56844718951524,
      77.41488296522736
    ],
    [
      28.568015791044765,
      77.41534039668974
    ],
    [
      28.568003731384458,
      77.41533985726356
    ],
    [
      28.567980559359622,
      77.41531131521553
    ],
    [
      28.56798103311073,
      77.4152975837547
    ],
    [
      28.56841031904782,
      77.41484250858153
    ],
    [
      28.568422385944082,
      77.41484225437178
    ],
    [
      28.56843467610189,
      77.41485573991642
    ],
    [
      28.568434899360767,
      77.4148694796756
    ],
    [
      28.568004205068245,
      77.41532612570825
    ],
    [
      28.567992145407878,
      77.41532558628376
    ],
    [
      28.56796897338006,
      77.41529704424202
    ],
    [
      28.567969447129734,
      77.41528331278263
    ],
    [
      28.568398028889344,
      77.41482902303922
    ],
    [
      28.568410095785577,
      77.41482876882795
    ],
    [
      28.568422385944714,
      77.41484225436943
    ],
    [
      28.56842260920496,
      77.41485599412698
    ],
    [
      28.567992619090237,
      77.41531185472991
    ],
    [
      28.567980559429817,
      77.41531131530712
    ],
    [
      28.567957387399016,
      77.41528277327167
    ],
    [
      28.56795786114725,
      77.41526904181372
    ],
    [
      28.56838573872954,
      77.41481553750005
    ],
    [
      28.568385515465224,
      77.41480179774739
    ],
    [
      28.56836093513827,
      77.41477482668567
    ],
    [
      28.568348868242115,
      77.41477508090146
    ],
    [
      28.56792310319082,
      77.4152262289258
    ],
    [
      28.567922629446898,
      77.41523996037941
    ],
    [
      28.567934215502678,
      77.4152542314303
    ],
    [
      28.567946275163266,
      77.41525477084794
    ],
    [
      28.568373448568394,
      77.41480205196403
    ],
    [
      28.568373225302718,
      77.414788312213
    ],
    [
      28.568348644973117,
      77.41476134115759
    ],
    [
      28.56833657807698,
      77.4147615953749
    ],
    [
      28.56791151720236,
      77.41521195796945
    ],
    [
      28.567911043459876,
      77.41522568942162
    ],
    [
      28.567922629517145,
      77.41523996046935
    ],
    [
      28.567934689177786,
      77.4152404998853
    ],
    [
      28.568361158405928,
      77.41478856643117
    ],
    [
      28.568360935138895,
      77.41477482668178
    ],
    [
      28.56833635480662,
      77.41474785563267
    ],
    [
      28.56832428791051,
      77.41474810985149
    ],
    [
      28.567899931212406,
      77.41519768701625
    ],
    [
      28.567887871551424,
      77.41519714761029
    ],
    [
      28.567841527506374,
      77.41514006374082
    ],
    [
      28.567842001240244,
      77.41512633229735
    ],
    [
      28.568262513632526,
      77.41468032739995
    ],
    [
      28.56827458052853,
      77.41468007317509
    ],
    [
      28.56831177447024,
      77.41472088458838
    ],
    [
      28.568311997742704,
      77.41473462433123
    ],
    [
      28.567888345220958,
      77.41518341606618
    ],
    [
      28.567876285559915,
      77.41518287666192
    ],
    [
      28.567829941508904,
      77.41512579280503
    ],
    [
      28.567830415241335,
      77.41511206136299
    ],
    [
      28.568250223458023,
      77.41466684189551
    ],
    [
      28.568262290354006,
      77.41466658766913
    ],
    [
      28.568299484299743,
      77.4147073990729
    ],
    [
      28.568299707573566,
      77.41472113881412
    ],
    [
      28.567876759228017,
      77.41516914511925
    ],
    [
      28.56786469956692,
      77.41516860571669
    ],
    [
      28.56781835550993,
      77.41511152187236
    ],
    [
      28.56781882924093,
      77.41509779043179
    ],
    [
      28.56823793328218,
      77.41465335639424
    ],
    [
      28.568250000178132,
      77.41465310216634
    ],
    [
      28.568287194127908,
      77.41469391356057
    ],
    [
      28.568287417403095,
      77.41470765330016
    ],
    [
      28.567865173233592,
      77.41515487417547
    ],
    [
      28.56786169098469,
      77.41514171657262
    ],
    [
      28.56797875743289,
      77.41489343615036
    ],
    [
      28.567990313115097,
      77.41488947116586
    ],
    [
      28.568225643105016,
      77.41463987089611
    ],
    [
      28.568237710000947,
      77.41463961666666
    ],
    [
      28.568274580529124,
      77.4146800731696
    ],
    [
      28.5682748038057,
      77.41469381290752
    ],
    [
      28.567853587237664,
      77.41514060323483
    ]
  ],
  "headland": [
    [
      [
        28.568453419516068,
        77.41488980118866
      ],
      [
        28.56802158403246,
        77.41534753218167
      ]
    ],
    [
      [
        28.56802158403246,
        77.41534753218167
      ],
      [
        28.567815606808225,
        77.41509382123589
      ]
    ],
    [
      [
        28.567815606808225,
        77.41509382123589
      ],
      [
        28.568214323203804,
        77.41462745004536
      ]
    ],
    [
      [
        28.568214323203804,
        77.41462745004536
      ],
      [
        28.568453419516068,
        77.41488980118866
      ]
    ]
  ]
}