{
    "farm_boundary": [
        [
            [
                28.405290388283124,
                77.31894995956623
            ],
            [
                28.40582594429042,
                77.31899018231333
            ]
        ],
        [
            [
                28.40582594429042,
                77.31899018231333
            ],
            [
                28.4058165072036,
                77.31923151879604
            ]
        ],
        [
            [
                28.4058165072036,
                77.31923151879604
            ],
            [
                28.405552268431116,
                77.31930391974085
            ]
        ],
        [
            [
                28.405552268431116,
                77.31930391974085
            ],
            [
                28.405365885329132,
                77.31922883727957
            ]
        ],
        [
            [
                28.405365885329132,
                77.31922883727957
            ],
            [
                28.405290388283124,
                77.31894995956623
            ]
        ]
    ],
    "Application_width": 12.0,
    "Turning_radius": 0.75,
    "Tractor_wheelbase": 1.5,
    "path_points": [
        [
            28.405290388283124,
            77.31894995956623
        ],
        [
            28.40582594429042,
            77.31899018231333
        ],
        [
            28.4058165072036,
            77.31923151879604
        ],
        [
            28.405552268431116,
            77.31930391974085
        ],
        [
            28.405365885329132,
            77.31922883727957
        ]
    ],
    "headland": [
        [
            28.405290388283124,
            77.31894995956623
        ],
        [
            28.40582594429042,
            77.31899018231333
        ],
        [
            28.4058165072036,
            77.31923151879604
        ],
        [
            28.405552268431116,
            77.31930391974085
        ],
        [
            28.405365885329132,
            77.31922883727957
        ]
    ]
}